,values
M00957[c],M00957_c
ppp9[h],ppp9_h
m14bq[c],m14bq_c
3hmp[m],3hmp_m
ga37[c],ga37_c
glu_D[c],glu_D_c
ergst[c],ergst_c
orn[m],orn_m
tym[c],tym_c
2cltransdienelactone[c],2cltransdienelactone_c
ppp9[m],ppp9_m
orn[h],orn_h
ind3yacg[c],ind3yacg_c
iformnetin[c],iformnetin_c
3dhq[h],3dhq_h
q8h2[c],q8h2_c
hisp[h],hisp_h
HC02110[c],HC02110_c
5aprbu[c],5aprbu_c
stctosidine[c],stctosidine_c
canavanine[c],canavanine_c
octa[c],octa_c
orn[c],orn_c
34dhphe[c],34dhphe_c
ppp9[c],ppp9_c
kaempferol[c],kaempferol_c
laricitn[c],laricitn_c
pelargonidin35dgide[c],pelargonidin35dgide_c
bchamigrene[c],bchamigrene_c
sucorn[c],sucorn_c
meugenol[c],meugenol_c
3h15dhlubimin[c],3h15dhlubimin_c
ga15[c],ga15_c
mi1345p[c],mi1345p_c
kdo8p[c],kdo8p_c
shcl[c],shcl_c
fmnh2[c],fmnh2_c
prostgi2[c],prostgi2_c
mgdg1829Z12Z160[c],mgdg1829Z12Z160_c
NNdmani[c],NNdmani_c
pendp[c],pendp_c
kdolipid4[c],kdolipid4_c
mi14p[c],mi14p_c
nflgln[c],nflgln_c
delphinidin35dgide[c],delphinidin35dgide_c
35cgmp[c],35cgmp_c
3c3hmp[h],3c3hmp_h
sepiapterin[c],sepiapterin_c
ac[x],ac_x
5deoxydhkalafungin[c],5deoxydhkalafungin_c
cdpNdimetohamine[c],cdpNdimetohamine_c
me3dhnpdh[c],me3dhnpdh_c
bzbz[c],bzbz_c
appnn[c],appnn_c
ac[m],ac_m
dhepstrl[c],dhepstrl_c
gthox[c],gthox_c
acorn[c],acorn_c
tdp[h],tdp_h
nlariciresinol[c],nlariciresinol_c
mgdg1819Z1637Z10Z13Z[c],mgdg1819Z1637Z10Z13Z_c
gthox[h],gthox_h
mmcoa__S[c],mmcoa__S_c
10hgeranial[c],10hgeranial_c
1deoxy1iminoe4p[c],1deoxy1iminoe4p_c
pc1839Z12Z15Z1637Z10Z13Z[c],pc1839Z12Z15Z1637Z10Z13Z_c
10fthf[c],10fthf_c
10fthf[h],10fthf_h
ind3ylacmiarab[c],ind3ylacmiarab_c
air[h],air_h
hypoglycinA[c],hypoglycinA_c
bxanthin[c],bxanthin_c
10fthf[m],10fthf_m
ga46[c],ga46_c
norajmaline[c],norajmaline_c
malthx[h],malthx_h
ga4[c],ga4_c
delphinidin[c],delphinidin_c
dtdpglu[c],dtdpglu_c
5mdr1p[c],5mdr1p_c
udcpdp[c],udcpdp_c
mg2[c],mg2_c
pelargonidin3Osophoroside[c],pelargonidin3Osophoroside_c
sinapoylSmal[c],sinapoylSmal_c
mg2[h],mg2_h
ethamp[c],ethamp_c
amet[c],amet_c
campest4en3one[c],campest4en3one_c
precorrin1[c],precorrin1_c
3hexpren4h5mebz[c],3hexpren4h5mebz_c
ichor[c],ichor_c
naringenin[c],naringenin_c
amet[h],amet_h
air[c],air_c
C11821[x],C11821_x
gua[c],gua_c
4mzym_int1[c],4mzym_int1_c
acorn[h],acorn_h
gthox[m],gthox_m
3dphb[c],3dphb_c
allalc[c],allalc_c
4prenphloributophnn[c],4prenphloributophnn_c
abscisate[c],abscisate_c
gthox[x],gthox_x
ga24[c],ga24_c
6dg[c],6dg_c
10hdhsanguinarine[c],10hdhsanguinarine_c
ac[h],ac_h
blamicacid[c],blamicacid_c
prbamp[h],prbamp_h
ac[c],ac_c
5oxpro[c],5oxpro_c
bacoradiene[c],bacoradiene_c
mi3p_D[c],mi3p_D_c
coumarin[c],coumarin_c
dmtphllqne[c],dmtphllqne_c
Nacgluaamine[c],Nacgluaamine_c
mi34p[c],mi34p_c
15diazabcnon[c],15diazabcnon_c
dcyt[c],dcyt_c
ddca[c],ddca_c
orot[c],orot_c
cdp[m],cdp_m
prbatp[h],prbatp_h
cdp[h],cdp_h
hqhglpyr[c],hqhglpyr_c
5h2opntn[c],5h2opntn_c
cdp[c],cdp_c
bsesquiphellandrene[c],bsesquiphellandrene_c
for[m],for_m
2hformnt[c],2hformnt_c
orot[h],orot_h
for[h],for_h
dhlam[c],dhlam_c
acrolein[c],acrolein_c
2np6mobl[c],2np6mobl_c
melib[c],melib_c
pc160183n3[c],pc160183n3_c
gal_L[c],gal_L_c
3hbcoa__R[c],3hbcoa__R_c
34h5opdhb[c],34h5opdhb_c
his_L[m],his_L_m
ga19[c],ga19_c
his_L[c],his_L_c
his_L[h],his_L_h
galactosylononitol_D[c],galactosylononitol_D_c
mgdg1839Z12Z15Z1617Z[c],mgdg1839Z12Z15Z1617Z_c
M00940[c],M00940_c
na[c],na_c
22ahsitosterol[c],22ahsitosterol_c
mptamp[c],mptamp_c
ga51cat[c],ga51cat_c
delphinidin3Osophoroside[c],delphinidin3Osophoroside_c
thr_L[h],thr_L_h
glucys[h],glucys_h
22ahchsterol[c],22ahchsterol_c
glucys[c],glucys_c
mppp9om[h],mppp9om_h
4mhetz[c],4mhetz_c
pheme[c],pheme_c
2np6mep[c],2np6mep_c
estrone[c],estrone_c
dtpcpendp[c],dtpcpendp_c
tag6p_D[c],tag6p_D_c
kaempferol3gide[c],kaempferol3gide_c
37omquercetin[c],37omquercetin_c
vioxan[h],vioxan_h
cyan[c],cyan_c
ga8cat[c],ga8cat_c
22ahifucosterol[c],22ahifucosterol_c
caffcoa[c],caffcoa_c
bmenecppyruvate[c],bmenecppyruvate_c
rnam[c],rnam_c
marmesin[c],marmesin_c
hmbil[h],hmbil_h
3ketogal[c],3ketogal_c
cys_L[c],cys_L_c
mgdg1829Z12Z1829Z12Z[c],mgdg1829Z12Z1829Z12Z_c
peamn[c],peamn_c
selnp[c],selnp_c
argsuc[c],argsuc_c
thydrogrgrbacteriochla[c],thydrogrgrbacteriochla_c
ga8[c],ga8_c
pydx5p[c],pydx5p_c
caffeine[c],caffeine_c
sprm[c],sprm_c
u45imzc[c],u45imzc_c
capsiconiate[c],capsiconiate_c
xu5p_L[c],xu5p_L_c
sbt6p[c],sbt6p_c
cyeuol[c],cyeuol_c
NNdmanio[c],NNdmanio_c
chrysosplenetinB[c],chrysosplenetinB_c
lipidX[c],lipidX_c
glx[x],glx_x
i3me[c],i3me_c
brasstrl[c],brasstrl_c
Nhile[c],Nhile_c
grgrchlb[c],grgrchlb_c
gal1p_L[c],gal1p_L_c
pc1839Z12Z15Z1613E[c],pc1839Z12Z15Z1613E_c
prgstrn[c],prgstrn_c
glx[h],glx_h
chldb[c],chldb_c
25dcldienelactone[c],25dcldienelactone_c
Nhmnorcotinine[c],Nhmnorcotinine_c
leucopelargonidin[c],leucopelargonidin_c
alltn[c],alltn_c
chldb[h],chldb_h
Sprencys[c],Sprencys_c
ind3ylacmi[c],ind3ylacmi_c
glx[c],glx_c
g1p[h],g1p_h
germacreneC[c],germacreneC_c
g1p[c],g1p_c
dtdp4d6dm[c],dtdp4d6dm_c
cys_L[h],cys_L_h
2omhmbl[c],2omhmbl_c
ga28[c],ga28_c
duri[c],duri_c
linamarin[c],linamarin_c
3hmbcoa[c],3hmbcoa_c
td35coa[c],td35coa_c
5clmaleylac[c],5clmaleylac_c
cys_L[m],cys_L_m
mgdg1829Z12Z1637Z10Z13Z[c],mgdg1829Z12Z1637Z10Z13Z_c
mpt[c],mpt_c
alltn[x],alltn_x
dtocophe[c],dtocophe_c
epigallocatechin[c],epigallocatechin_c
24mdesmosterol[c],24mdesmosterol_c
3pg[c],3pg_c
adp[h],adp_h
udpxyl[c],udpxyl_c
ga14al[c],ga14al_c
2m6phol[c],2m6phol_c
adp[m],adp_m
pg1839Z12Z15Z160[c],pg1839Z12Z15Z160_c
2S_pinocembrin[c],2S_pinocembrin_c
canavaninosucc[c],canavaninosucc_c
adp[x],adp_x
3mgcoa[c],3mgcoa_c
3hmbcoa[m],3hmbcoa_m
ch4s[c],ch4s_c
3mgcoa[m],3mgcoa_m
fmet[c],fmet_c
cynt[c],cynt_c
sql[c],sql_c
dhdascbr[h],dhdascbr_h
thydrogrgrchla[h],thydrogrgrchla_h
L2aadp6sa[c],L2aadp6sa_c
zeax[h],zeax_h
dhdascbr[c],dhdascbr_c
mgdg1839Z12Z15Z1839Z12Z15Z[c],mgdg1839Z12Z15Z1839Z12Z15Z_c
dmsp[c],dmsp_c
aamyrin[c],aamyrin_c
r1p[c],r1p_c
phloributophnn[c],phloributophnn_c
adp[c],adp_c
lipoate[c],lipoate_c
3pg[h],3pg_h
2E6Efarnesal[c],2E6Efarnesal_c
pan4p[c],pan4p_c
acopaene[c],acopaene_c
ump[c],ump_c
pseudotropine[c],pseudotropine_c
7ijasmonate[c],7ijasmonate_c
acgam1p[c],acgam1p_c
ump[h],ump_h
bacteriopheophytina[c],bacteriopheophytina_c
terpinolene[c],terpinolene_c
pelargonidin3Orutinoside5Ogide_D[c],pelargonidin3Orutinoside5Ogide_D_c
1naphthoate[c],1naphthoate_c
arab_L[c],arab_L_c
dhsanguinarine[c],dhsanguinarine_c
ocdcea[c],ocdcea_c
3dmq9h2[c],3dmq9h2_c
aps[c],aps_c
cdpNmetohamine[c],cdpNmetohamine_c
retinal[c],retinal_c
Sindmthhmoylcys_L[c],Sindmthhmoylcys_L_c
Sstylopine[c],Sstylopine_c
22ahcampest4en3one[c],22ahcampest4en3one_c
tre_trans_memmyc[c],tre_trans_memmyc_c
aps[h],aps_h
6G6kestotose[c],6G6kestotose_c
2R_3R_pinobanksin[c],2R_3R_pinobanksin_c
avite1[c],avite1_c
21R3S19dh1m10oxo34510th1Hbzichrom3ylac[c],21R3S19dh1m10oxo34510th1Hbzichrom3ylac_c
nicrns[c],nicrns_c
3ig3p[h],3ig3p_h
homoval[c],homoval_c
2hphytcoa[c],2hphytcoa_c
3ig3p[c],3ig3p_c
mercdtbt[c],mercdtbt_c
gthrd[c],gthrd_c
1propenylsulfenate[c],1propenylsulfenate_c
L_dpchrm[c],L_dpchrm_c
belemene[c],belemene_c
2mb2coa[m],2mb2coa_m
coumarylalc[c],coumarylalc_c
Nhltryptamine[c],Nhltryptamine_c
dad_2[c],dad_2_c
indpyr[c],indpyr_c
5aop[h],5aop_h
phllqne[c],phllqne_c
iliquiritigenin[c],iliquiritigenin_c
minohp[c],minohp_c
secologanin[c],secologanin_c
pelargonidin35dgide5Opcoumaroylgide[c],pelargonidin35dgide5Opcoumaroylgide_c
hpa[c],hpa_c
3hbcoa__R[m],3hbcoa__R_m
4mlacac[c],4mlacac_c
ga51[c],ga51_c
fadh2[c],fadh2_c
lcts[c],lcts_c
4mthbutylhydroximate[c],4mthbutylhydroximate_c
dutp[c],dutp_c
fadh2[m],fadh2_m
prfp[h],prfp_h
udp4dh6deoxyglc[c],udp4dh6deoxyglc_c
succ[h],succ_h
M00961[c],M00961_c
dutp[m],dutp_m
dutp[h],dutp_h
succ[c],succ_c
methnol[c],methnol_c
lubimin[c],lubimin_c
gthrd[h],gthrd_h
succ[m],succ_m
23dmphol[c],23dmphol_c
salc[c],salc_c
succ[x],succ_x
gthrd[m],gthrd_m
4hbutate[h],4hbutate_h
gal[c],gal_c
biliverd[c],biliverd_c
gthrd[x],gthrd_x
hxal[c],hxal_c
13Shperoxylinolenate[c],13Shperoxylinolenate_c
3ohodcoa[c],3ohodcoa_c
mmet[c],mmet_c
24ethylideneloph[c],24ethylideneloph_c
oleanolate3bglucuronoside28gide[c],oleanolate3bglucuronoside28gide_c
ayanin[c],ayanin_c
uAgla[c],uAgla_c
acryl[c],acryl_c
C11695[c],C11695_c
feruloyltyramine[c],feruloyltyramine_c
i3methcys[c],i3methcys_c
mgdg1819Z160[c],mgdg1819Z160_c
C03681[c],C03681_c
primfluochlcat[c],primfluochlcat_c
mg[v],mg_v
cotininegluc[c],cotininegluc_c
ind3acgln[c],ind3acgln_c
mi1456p[c],mi1456p_c
hthbp[c],hthbp_c
littorine[c],littorine_c
epist[c],epist_c
346thciscinnm[c],346thciscinnm_c
hbq[c],hbq_c
34hpp[h],34hpp_h
psecoilariciresinol[c],psecoilariciresinol_c
34hpp[c],34hpp_c
34dhpha[c],34dhpha_c
Rmandelate[c],Rmandelate_c
ternatinC5[c],ternatinC5_c
cyanidin35dgide[c],cyanidin35dgide_c
leucodelphinidin[c],leucodelphinidin_c
aact[c],aact_c
afzelechin[c],afzelechin_c
HC00718[c],HC00718_c
tag[c],tag_c
impyr[c],impyr_c
bbisabolene[c],bbisabolene_c
xylan4[c],xylan4_c
pc1819Z1613E[c],pc1819Z1613E_c
23dhmp[h],23dhmp_h
miraxanthinV[c],miraxanthinV_c
3hpdhb[c],3hpdhb_c
cholate[c],cholate_c
dhgrgrchla[h],dhgrgrchla_h
glcur1p[c],glcur1p_c
lycop[c],lycop_c
pydxn[c],pydxn_c
hco3[h],hco3_h
udpsq[c],udpsq_c
hco3[m],hco3_m
hco3[c],hco3_c
13oglpyrglpyroxdocosano6ac[c],13oglpyrglpyroxdocosano6ac_c
dha[c],dha_c
hyoscyamine_L[c],hyoscyamine_L_c
sinapal[c],sinapal_c
sl26da[h],sl26da_h
ivcoa[c],ivcoa_c
decdp[c],decdp_c
pelargonidin3Orutinoside[c],pelargonidin3Orutinoside_c
t3hcotininegluc[c],t3hcotininegluc_c
neoimenthol[c],neoimenthol_c
metsox_S_L[c],metsox_S_L_c
ieugenol[c],ieugenol_c
mev__R[c],mev__R_c
demerosin[c],demerosin_c
man6pglyc[c],man6pglyc_c
dhgrgrbacteriopheophytin[c],dhgrgrbacteriopheophytin_c
sbt_D[c],sbt_D_c
dhpmp[c],dhpmp_c
thp2c[c],thp2c_c
ivcoa[m],ivcoa_m
xylosylzeatin[c],xylosylzeatin_c
mi12345pentakisp[c],mi12345pentakisp_c
pmtcoa[c],pmtcoa_c
avenasterol[c],avenasterol_c
delphinidin3Ogyl5Ocaffeoylgide[c],delphinidin3Ogyl5Ocaffeoylgide_c
pmtcoa[h],pmtcoa_h
5cltransdienelactone[c],5cltransdienelactone_c
alprostadil[c],alprostadil_c
4m3op[c],4m3op_c
5hcotinine[c],5hcotinine_c
HC01842[c],HC01842_c
val_L[m],val_L_m
etoh[c],etoh_c
val_L[c],val_L_c
germacrene_D[c],germacrene_D_c
3dpdhb[c],3dpdhb_c
val_L[h],val_L_h
M00939[c],M00939_c
2dr1p[c],2dr1p_c
4hthdp[h],4hthdp_h
dhdascbr[x],dhdascbr_x
5dglcn[c],5dglcn_c
vicianose[c],vicianose_c
dhdascbr[m],dhdascbr_m
daidzein[c],daidzein_c
dgdg183182[c],dgdg183182_c
T4hcinnm[c],T4hcinnm_c
mi3456p[c],mi3456p_c
flavan4ol[c],flavan4ol_c
ga20[c],ga20_c
2dhpantolactone[c],2dhpantolactone_c
pram[h],pram_h
23dhb[c],23dhb_c
23dimmal[c],23dimmal_c
ipenta5dip[c],ipenta5dip_c
dsmsterol[c],dsmsterol_c
dgdp[h],dgdp_h
pro_L[c],pro_L_c
ppgpp[c],ppgpp_c
octal[c],octal_c
cytd[c],cytd_c
delphinidin3O6Omalbgide3Ogide[c],delphinidin3O6Omalbgide3Ogide_c
dgdp[m],dgdp_m
ga14[c],ga14_c
3bzoxpglate[c],3bzoxpglate_c
dgdp[c],dgdp_c
44mctr[c],44mctr_c
dcamp[h],dcamp_h
nicotinegluc[c],nicotinegluc_c
sucsal[m],sucsal_m
ethe[c],ethe_c
sucsal[h],sucsal_h
Sreticuline[c],Sreticuline_c
chor[c],chor_c
pro_L[m],pro_L_m
sphs1p[c],sphs1p_c
sucsal[c],sucsal_c
pro_L[h],pro_L_h
2dda7p[h],2dda7p_h
gdpperosamine_D[c],gdpperosamine_D_c
chelirubet[c],chelirubet_c
37dmquercetagetin[c],37dmquercetagetin_c
asn_L[c],asn_L_c
chor[h],chor_h
luteolin7oneohesperidoside[c],luteolin7oneohesperidoside_c
Rvicianin[c],Rvicianin_c
alaala[c],alaala_c
NMNH[c],NMNH_c
5apru[c],5apru_c
5hindtzncarbox[c],5hindtzncarbox_c
pac[c],pac_c
nicotine1Nox[c],nicotine1Nox_c
3clbz[c],3clbz_c
ergtrol[c],ergtrol_c
ent_kaurenoate[c],ent_kaurenoate_c
ppbng[h],ppbng_h
M00956[c],M00956_c
steroidos[c],steroidos_c
fdxrd[c],fdxrd_c
h2o2[x],h2o2_x
met_L[c],met_L_c
dhf[m],dhf_m
h2o2[c],h2o2_c
6hmhpt[c],6hmhpt_c
agm[c],agm_c
h2o2[m],h2o2_m
uamr[c],uamr_c
18holeate[c],18holeate_c
h2o2[h],h2o2_h
124bztol[c],124bztol_c
prlp[h],prlp_h
phe_L[h],phe_L_h
3dh5hpb[c],3dh5hpb_c
dump[m],dump_m
13sophorosyloxdocosano66dac[c],13sophorosyloxdocosano66dac_c
ent7ahkaurenoate[c],ent7ahkaurenoate_c
dhzeatinOgide[c],dhzeatinOgide_c
zcarote[c],zcarote_c
uama[c],uama_c
pumped_H[v],pumped_H_v
4adcho[h],4adcho_h
hepdp[c],hepdp_c
met_L[h],met_L_h
estrones[c],estrones_c
fdxrd[h],fdxrd_h
15dap[c],15dap_c
ocdca[c],ocdca_c
dump[c],dump_c
prunin[c],prunin_c
dcadinene[c],dcadinene_c
mgdg1819Z1619Z[c],mgdg1819Z1619Z_c
ocdca[h],ocdca_h
phe_L[c],phe_L_c
5acampestan3one[c],5acampestan3one_c
glc__bD[h],glc__bD_h
s7p[h],s7p_h
acnorajmaline[c],acnorajmaline_c
aicar[h],aicar_h
35dihanile[c],35dihanile_c
confrl[c],confrl_c
flavanone[c],flavanone_c
mercppyr[c],mercppyr_c
mchavicol[c],mchavicol_c
56dihindlcrbxlt[c],56dihindlcrbxlt_c
dccoa[c],dccoa_c
hdca[c],hdca_c
3ketolactose[c],3ketolactose_c
pc183183[c],pc183183_c
hdca[h],hdca_h
uaccg[c],uaccg_c
2ahhmp[m],2ahhmp_m
3psme[h],3psme_h
5forthf[c],5forthf_c
tre[c],tre_c
dhnpt[c],dhnpt_c
txa2[c],txa2_c
vetispiradiene[c],vetispiradiene_c
ins[c],ins_c
r5p[h],r5p_h
4coumq_D[c],4coumq_D_c
5hconiferald[c],5hconiferald_c
retn[c],retn_c
t3hcotinine[c],t3hcotinine_c
nerolate[c],nerolate_c
2oxopenta34dienoate[c],2oxopenta34dienoate_c
sarcs[c],sarcs_c
forgly[c],forgly_c
ga36[c],ga36_c
gdpddgal[c],gdpddgal_c
5dhavenasterol[c],5dhavenasterol_c
mmcoa__R[c],mmcoa__R_c
h2mb4p[h],h2mb4p_h
34dhpyridin[c],34dhpyridin_c
dhmacarpine[c],dhmacarpine_c
h2mb4p[c],h2mb4p_c
aterpineol[c],aterpineol_c
e4hglu[c],e4hglu_c
gtp[m],gtp_m
2hgenistein[c],2hgenistein_c
gtp[h],gtp_h
asp_L[x],asp_L_x
xmp[c],xmp_c
5iepiaristolochene[c],5iepiaristolochene_c
tyr_L[c],tyr_L_c
fecost[c],fecost_c
etha[c],etha_c
ga15closed_lact[c],ga15closed_lact_c
so3[h],so3_h
5bpregnan320dione[c],5bpregnan320dione_c
gtp[c],gtp_c
N4acgasn[c],N4acgasn_c
so3[c],so3_c
ind3acleu[c],ind3acleu_c
1cl24dnbz[c],1cl24dnbz_c
asp_L[m],asp_L_m
2shchc[c],2shchc_c
tyr_L[h],tyr_L_h
s7p[c],s7p_c
asp_L[h],asp_L_h
ahumulene[c],ahumulene_c
2hnicotine[c],2hnicotine_c
so3[x],so3_x
eig3p[h],eig3p_h
asp_D[c],asp_D_c
paraxanthine[c],paraxanthine_c
1pmtglyc3p[c],1pmtglyc3p_c
acg5sa[h],acg5sa_h
2maacoa[m],2maacoa_m
4abutn[c],4abutn_c
menthol[c],menthol_c
dvpchlda[h],dvpchlda_h
salutaridinol[c],salutaridinol_c
3a2oxpp[c],3a2oxpp_c
pg1829Z12Z160[c],pg1829Z12Z160_c
dialurate[c],dialurate_c
6deoxoteasterone[c],6deoxoteasterone_c
9Z_traumatin[c],9Z_traumatin_c
adpglc[h],adpglc_h
B_ara1p[c],B_ara1p_c
melatn[c],melatn_c
transzeatinOgide[c],transzeatinOgide_c
dhggdp[h],dhggdp_h
adpglc[c],adpglc_c
2maacoa[c],2maacoa_c
menthone[c],menthone_c
omppp9[h],omppp9_h
dgdg1819Z160Z[c],dgdg1819Z160Z_c
nh4[v],nh4_v
2p4c2me[h],2p4c2me_h
nh4[h],nh4_h
nh4[m],nh4_m
fe2[c],fe2_c
pchlda[h],pchlda_h
glu1sa[h],glu1sa_h
10oxogeraniol[c],10oxogeraniol_c
1p3h5c[c],1p3h5c_c
nadph[c],nadph_c
nh4[c],nh4_c
dvchlda[c],dvchlda_c
leucocyanidin[c],leucocyanidin_c
arachidonylcoa[c],arachidonylcoa_c
gyllimonin[c],gyllimonin_c
9Z11E14Z13Shperoctdectrenoate[c],9Z11E14Z13Shperoctdectrenoate_c
r5p[c],r5p_c
6pgc[c],6pgc_c
3npdhb[c],3npdhb_c
itransdhquercetin[c],itransdhquercetin_c
menecyart[c],menecyart_c
o2[m],o2_m
cyanidin[c],cyanidin_c
tBOA[c],tBOA_c
S_DNPA[c],S_DNPA_c
arachd[c],arachd_c
nh4[x],nh4_x
6pgc[h],6pgc_h
o2[x],o2_x
tremmyc[c],tremmyc_c
ga9[c],ga9_c
3m2butenal[c],3m2butenal_c
uamag[c],uamag_c
fer[c],fer_c
E8methtctaldoxime[c],E8methtctaldoxime_c
nicotianamine[c],nicotianamine_c
red_ferroprotII[m],red_ferroprotII_m
mthgxl[c],mthgxl_c
3mthppnl[c],3mthppnl_c
pheacetothhximate[c],pheacetothhximate_c
gly[x],gly_x
dgdg1601839Z12Z15Z[c],dgdg1601839Z12Z15Z_c
ser_L[c],ser_L_c
sinapylalc[c],sinapylalc_c
hom_L[c],hom_L_c
glutcoa[c],glutcoa_c
indole[c],indole_c
32propacidobq[c],32propacidobq_c
hom_L[h],hom_L_h
tre_cis_ketommyc[c],tre_cis_ketommyc_c
gly[m],gly_m
acac[c],acac_c
galur1p[c],galur1p_c
4a5imc[c],4a5imc_c
pinocembrin_chalcone[c],pinocembrin_chalcone_c
ibutoh[c],ibutoh_c
anxan[h],anxan_h
msalicylate[c],msalicylate_c
gly[h],gly_h
stys[c],stys_c
neral[c],neral_c
Sphacthhmoylcys_L[c],Sphacthhmoylcys_L_c
24menechsterol[c],24menechsterol_c
gly[c],gly_c
4gudbutn[c],4gudbutn_c
mlthf[h],mlthf_h
canaline_L[c],canaline_L_c
ala_B[c],ala_B_c
mlthf[m],mlthf_m
E9methpentaldoxime[c],E9methpentaldoxime_c
ddsmsterol[c],ddsmsterol_c
m7G5dppm6Am[c],m7G5dppm6Am_c
ser_L[x],ser_L_x
o2[c],o2_c
psph1p[c],psph1p_c
o2[h],o2_h
betalhydr[c],betalhydr_c
mlthf[c],mlthf_c
uaaAgtla[c],uaaAgtla_c
gcald[c],gcald_c
hpglu[c],hpglu_c
mimosine[c],mimosine_c
4hoxpacd[c],4hoxpacd_c
ser_L[m],ser_L_m
35tddienoate[c],35tddienoate_c
ser_L[h],ser_L_h
mgdg1819Z1627Z10Z[c],mgdg1819Z1627Z10Z_c
phptna[c],phptna_c
abscacidglcester[c],abscacidglcester_c
entkaur16en19ol[c],entkaur16en19ol_c
13adpyrrolinium[c],13adpyrrolinium_c
3omquercetin[c],3omquercetin_c
26dap_LL[h],26dap_LL_h
nadph[m],nadph_m
3oxo2cis2pentcpent1octanoate[c],3oxo2cis2pentcpent1octanoate_c
abscisical[c],abscisical_c
nadph[h],nadph_h
thggdp[h],thggdp_h
pant__R[c],pant__R_c
1acpc[c],1acpc_c
nmn[c],nmn_c
nadph[x],nadph_x
phytoe[c],phytoe_c
2oxohex45cp5enoate[c],2oxohex45cp5enoate_c
4gudbd[c],4gudbd_c
nicotine[c],nicotine_c
4hbz[c],4hbz_c
iad[c],iad_c
urate[x],urate_x
protopine[c],protopine_c
nmptrc[c],nmptrc_c
hpyr[c],hpyr_c
urate[c],urate_c
cinnamal[c],cinnamal_c
indmdsglate[c],indmdsglate_c
ncam[c],ncam_c
uaagmda[c],uaagmda_c
S6methhexhximoyl_L_cysteine[c],S6methhexhximoyl_L_cysteine_c
2nonapren3m6me14bl[c],2nonapren3m6me14bl_c
indole[h],indole_h
uaGgla[c],uaGgla_c
glu_L[c],glu_L_c
DIMBOA_glc[c],DIMBOA_glc_c
udpglcur[c],udpglcur_c
glyclt[h],glyclt_h
gmp[c],gmp_c
imenthol[c],imenthol_c
hpyr[x],hpyr_x
10oxogeranial[c],10oxogeranial_c
frmd[c],frmd_c
5hferulcoa[c],5hferulcoa_c
ga98[c],ga98_c
N1aspmd[c],N1aspmd_c
glu_L[m],glu_L_m
M00960[c],M00960_c
glu_L[h],glu_L_h
glyclt[c],glyclt_c
pser_L[h],pser_L_h
dcaro[c],dcaro_c
Sfarnesylcys[c],Sfarnesylcys_c
ahcys[h],ahcys_h
psoralen[c],psoralen_c
ahcys[c],ahcys_c
iamoh[c],iamoh_c
secologanate[c],secologanate_c
hop[c],hop_c
3nphb[c],3nphb_c
3mop[h],3mop_h
3mop[c],3mop_c
glyclt[x],glyclt_x
orot5p[h],orot5p_h
phlorivalerophnn[c],phlorivalerophnn_c
itranszeatinrbtp[c],itranszeatinrbtp_c
entcopalyldp[c],entcopalyldp_c
hemeO[c],hemeO_c
Dcuprenene[c],Dcuprenene_c
3mop[m],3mop_m
fum[c],fum_c
fdxox[c],fdxox_c
2h3carboxy45cphex5enoate[c],2h3carboxy45cphex5enoate_c
thm[c],thm_c
fum[h],fum_h
srb_L[c],srb_L_c
fum[m],fum_m
fdxox[h],fdxox_h
mhpglu[c],mhpglu_c
mqn8[c],mqn8_c
moco[c],moco_c
18oxooleate[c],18oxooleate_c
8hpurine[c],8hpurine_c
10hgeraniol[c],10hgeraniol_c
3moxtyr[c],3moxtyr_c
entkaur16en19al[c],entkaur16en19al_c
pep[h],pep_h
2ahbut[h],2ahbut_h
6omycoltre6p[c],6omycoltre6p_c
glu_L[x],glu_L_x
eriodictyol[c],eriodictyol_c
pep[c],pep_c
Lkynr[c],Lkynr_c
N4Nac12man13Nac12man16xyl12man14Nac14Nacasn[c],N4Nac12man13Nac12man16xyl12man14Nac14Nacasn_c
pq[h],pq_h
gccoa[m],gccoa_m
cholestanol[c],cholestanol_c
mi1234p[c],mi1234p_c
ttp[h],ttp_h
Rpantolactone[c],Rpantolactone_c
4prenphlorivalerophnn[c],4prenphlorivalerophnn_c
thr_L[c],thr_L_c
glu5p[c],glu5p_c
pcoumaroyltyramine[c],pcoumaroyltyramine_c
phdp[c],phdp_c
3keto4mzymosterol[c],3keto4mzymosterol_c
phdp[h],phdp_h
fum[v],fum_v
din[c],din_c
geraniol[c],geraniol_c
tre_trans_ketommyc[c],tre_trans_ketommyc_c
actinorhodin_intermediate[c],actinorhodin_intermediate_c
3mbald[c],3mbald_c
malttr[h],malttr_h
co[c],co_c
malttr[c],malttr_c
dcdp[c],dcdp_c
cyst_L[h],cyst_L_h
ctp[h],ctp_h
ctp[c],ctp_c
cyst_L[c],cyst_L_c
32propacid46hchex25dienone[c],32propacid46hchex25dienone_c
caro[c],caro_c
dcdp[h],dcdp_h
prpp[h],prpp_h
dcdp[m],dcdp_m
prpp[c],prpp_c
glu5p[h],glu5p_h
ctp[m],ctp_m
24dnpheSglutathne[c],24dnpheSglutathne_c
lgt__S[c],lgt__S_c
neomenthol[c],neomenthol_c
ctncoa[m],ctncoa_m
lactol[c],lactol_c
CE2705[c],CE2705_c
fe3[c],fe3_c
ocdce9coa[c],ocdce9coa_c
HC00955[c],HC00955_c
Lfmkynr[c],Lfmkynr_c
psphings[c],psphings_c
M00938[c],M00938_c
pyr[c],pyr_c
h[x],h_x
asp_L[c],asp_L_c
cala[c],cala_c
h[m],h_m
glu5sa[m],glu5sa_m
imzacd[c],imzacd_c
cdpea[c],cdpea_c
focytc[c],focytc_c
mgdg1839Z12Z15Z1829Z12Z[c],mgdg1839Z12Z15Z1829Z12Z_c
pydx[c],pydx_c
glu5sa[h],glu5sa_h
imp[h],imp_h
glu5sa[c],glu5sa_c
nac[c],nac_c
focytc[m],focytc_m
6hprotopine[c],6hprotopine_c
dmpp[c],dmpp_c
dhconiferylalc[c],dhconiferylalc_c
dtpchepdp[c],dtpchepdp_c
campol[c],campol_c
oxalcoa[c],oxalcoa_c
3Slinalool[c],3Slinalool_c
oaa[h],oaa_h
oaa[c],oaa_c
ppap[c],ppap_c
E6methhexaldoxime[c],E6methhexaldoxime_c
dmpp[h],dmpp_h
soyasapogenolB3Ogluc[c],soyasapogenolB3Ogluc_c
3hpp[m],3hpp_m
oaa[m],oaa_m
glutrna[h],glutrna_h
pulegone[c],pulegone_c
trnaglu[h],trnaglu_h
pyropheophorbidea[c],pyropheophorbidea_c
h[c],h_c
acaro[c],acaro_c
oaa[x],oaa_x
3hpp[c],3hpp_c
purine[c],purine_c
h[h],h_h
dmpp[x],dmpp_x
ipenta5tp[c],ipenta5tp_c
ficytc[m],ficytc_m
bamppald[c],bamppald_c
Zbocimene[c],Zbocimene_c
delphinidin3Ogyl5Ocaffeoylgide3Ogide[c],delphinidin3Ogyl5Ocaffeoylgide3Ogide_c
nsecoilariciresinol[c],nsecoilariciresinol_c
cdpglyc[c],cdpglyc_c
ficytc[c],ficytc_c
dtdp[c],dtdp_c
lutein[c],lutein_c
apigenin[c],apigenin_c
pyam5p[c],pyam5p_c
sinapoylcoa[c],sinapoylcoa_c
dgal6p[c],dgal6p_c
ciszeatinrbmp[c],ciszeatinrbmp_c
occoa[c],occoa_c
dtdp[m],dtdp_m
imp[c],imp_c
gdpgal[c],gdpgal_c
gal14lac[m],gal14lac_m
mgdg189Z12Z15Z3160[c],mgdg189Z12Z15Z3160_c
grdp[c],grdp_c
hmgcoa[c],hmgcoa_c
3mb2coa[m],3mb2coa_m
pyr[x],pyr_x
grdp[h],grdp_h
gdpmann[c],gdpmann_c
hmgcoa[m],hmgcoa_m
pc1819Z1839Z12Z15Z[c],pc1819Z1839Z12Z15Z_c
sequoyitol[c],sequoyitol_c
hypoglycinB[c],hypoglycinB_c
pyr[m],pyr_m
CE2211[c],CE2211_c
s17bp[h],s17bp_h
gal14lac[c],gal14lac_c
16epivellosimine[c],16epivellosimine_c
ga1[c],ga1_c
pyr[h],pyr_h
DIBOA[c],DIBOA_c
sinapate[c],sinapate_c
lipoamp[c],lipoamp_c
3bhandrost5en17one3s[c],3bhandrost5en17one3s_c
retinol[c],retinol_c
1pyr5c[h],1pyr5c_h
1pyr5c[m],1pyr5c_m
oxocnnmcoa[c],oxocnnmcoa_c
trans_cnnmgide[c],trans_cnnmgide_c
itranszeatinrbmp[c],itranszeatinrbmp_c
6gkestotose[c],6gkestotose_c
ga37closed_lact[c],ga37closed_lact_c
3hpcoa[m],3hpcoa_m
3sala[c],3sala_c
matairesinol[c],matairesinol_c
chlstol[c],chlstol_c
chrysosplenolC[c],chrysosplenolC_c
dmspamine[c],dmspamine_c
prunetin[c],prunetin_c
5Iexohcamphor[c],5Iexohcamphor_c
4ampm[c],4ampm_c
mi145p[c],mi145p_c
f26bp[c],f26bp_c
Ebocimene[c],Ebocimene_c
anhgm[c],anhgm_c
qh7[c],qh7_c
1pyr5c[c],1pyr5c_c
theobromine[c],theobromine_c
msa[c],msa_c
pc182n6160[c],pc182n6160_c
bhb[c],bhb_c
cit[c],cit_c
urcan[c],urcan_c
pppg9[c],pppg9_c
pppg9[m],pppg9_m
cit[m],cit_m
dadp[c],dadp_c
bilirub[c],bilirub_c
pppg9[h],pppg9_h
sucbz[c],sucbz_c
mso3[c],mso3_c
cit[v],cit_v
chtbs6p[c],chtbs6p_c
3hbutcoa[x],3hbutcoa_x
cit[x],cit_x
uacgam[c],uacgam_c
bacteriochla[c],bacteriochla_c
pap[c],pap_c
4ahm4bm5acholesta8en3bol[c],4ahm4bm5acholesta8en3bol_c
cyanidin3pcoumgide[c],cyanidin3pcoumgide_c
dhkalafungin[c],dhkalafungin_c
r2hglut[c],r2hglut_c
thmmp[c],thmmp_c
raffin[c],raffin_c
dadp[h],dadp_h
dhzeatin9NgideOgide[c],dhzeatin9NgideOgide_c
caffeoylquin[c],caffeoylquin_c
g6p[c],g6p_c
g6p[h],g6p_h
mgdg1829Z12Z1839Z12Z15Z[c],mgdg1829Z12Z1839Z12Z15Z_c
3m4icish2butenal[c],3m4icish2butenal_c
dadp[m],dadp_m
3h9pimara715diene196bolide[c],3h9pimara715diene196bolide_c
h2o[x],h2o_x
mgdg1839Z12Z15Z1627Z10Z[c],mgdg1839Z12Z15Z1627Z10Z_c
h2o[v],h2o_v
3dsphgn[c],3dsphgn_c
imeugenol[c],imeugenol_c
gdpddman[c],gdpddman_c
sucgsa[c],sucgsa_c
atp[x],atp_x
coniferin[c],coniferin_c
mobd[c],mobd_c
h2o[m],h2o_m
23dhmb[h],23dhmb_h
S9methnonhximoylcys[c],S9methnonhximoylcys_c
mnl[c],mnl_c
ru1p_D[c],ru1p_D_c
hmppp9[h],hmppp9_h
4mthbutndoxime[c],4mthbutndoxime_c
fprica[h],fprica_h
lipidA[c],lipidA_c
gcarote[c],gcarote_c
ddecdp[c],ddecdp_c
man6p[c],man6p_c
achamigrene[c],achamigrene_c
shinin[c],shinin_c
atp[c],atp_c
3hNmcoclaurine[c],3hNmcoclaurine_c
CE2314[c],CE2314_c
4mpetz[c],4mpetz_c
atp[m],atp_m
h2o[h],h2o_h
hxdcal[c],hxdcal_c
2me4p[h],2me4p_h
h2o[c],h2o_c
btn[c],btn_c
co2[c],co2_c
cmp[c],cmp_c
3hlubimin[c],3hlubimin_c
atp[h],atp_h
mbz[c],mbz_c
trans_2hexenal[c],trans_2hexenal_c
co2[h],co2_h
cmp[h],cmp_h
co2[m],co2_m
gp4g[c],gp4g_c
seln[c],seln_c
M01067[c],M01067_c
mbds[c],mbds_c
5pmev[c],5pmev_c
2cldienelactone[c],2cldienelactone_c
co2[x],co2_x
Ssq23epx[c],Ssq23epx_c
dgdg1829Z12Z160[c],dgdg1829Z12Z160_c
maltttr[h],maltttr_h
maltttr[c],maltttr_c
4Rlimonene[c],4Rlimonene_c
3dpdhb_me[c],3dpdhb_me_c
tcynt[c],tcynt_c
f1p[c],f1p_c
135tmebz[c],135tmebz_c
actinorhodin[c],actinorhodin_c
benzcoa[c],benzcoa_c
L2aadp[c],L2aadp_c
tdcoa[c],tdcoa_c
5pmev[x],5pmev_x
ononitol_D[c],ononitol_D_c
2mecdp[h],2mecdp_h
ciszeatinOgide[c],ciszeatinOgide_c
aa[c],aa_c
pc1819Z1829Z12Z[c],pc1819Z1829Z12Z_c
pi[h],pi_h
M00959[c],M00959_c
malt[h],malt_h
malt[c],malt_c
citac[c],citac_c
pi[m],pi_m
dhea[c],dhea_c
apigenin7o6malgide[c],apigenin7o6malgide_c
itransneoxanthin[c],itransneoxanthin_c
g3p[c],g3p_c
gallocatechin[c],gallocatechin_c
3heptapren4h5mebz[c],3heptapren4h5mebz_c
apppa[c],apppa_c
pi[c],pi_c
g3p[h],g3p_h
achms[h],achms_h
achms[c],achms_c
coa[c],coa_c
3aap[c],3aap_c
oleanolate3bglucuronoside31galactoside41gide[c],oleanolate3bglucuronoside31galactoside41gide_c
acald[m],acald_m
phytylp[c],phytylp_c
pc1819Z160[c],pc1819Z160_c
mi4p_D[c],mi4p_D_c
2mp2coa[m],2mp2coa_m
coa[h],coa_h
pi[x],pi_x
amob[c],amob_c
coa[m],coa_m
acald[c],acald_c
1osinapoylglc[c],1osinapoylglc_c
pi[v],pi_v
octadecenedioate[c],octadecenedioate_c
coa[x],coa_x
2hbzcoa[c],2hbzcoa_c
5fthf[c],5fthf_c
ga13[c],ga13_c
gsn[c],gsn_c
hexdp[c],hexdp_c
4abz[h],4abz_h
ga34cat[c],ga34cat_c
4abz[m],4abz_m
Ebfarnesene[c],Ebfarnesene_c
Ebcaryophyllene[c],Ebcaryophyllene_c
n4abutn[c],n4abutn_c
4pyridoxolactone[c],4pyridoxolactone_c
nrpphr[c],nrpphr_c
ahcampesterol[c],ahcampesterol_c
68dhpurine[c],68dhpurine_c
oleanolate3bglucuronoside[c],oleanolate3bglucuronoside_c
ribflv[c],ribflv_c
1kestotose[c],1kestotose_c
jasmonicacid_mester[c],jasmonicacid_mester_c
4ppcys[c],4ppcys_c
octdp[c],octdp_c
hmgth[c],hmgth_c
lupeol[c],lupeol_c
7oacsalutaridinol[c],7oacsalutaridinol_c
galhexdiald[c],galhexdiald_c
Scheilanthifoline[c],Scheilanthifoline_c
5htrp[c],5htrp_c
4abz[c],4abz_c
camp[c],camp_c
xan[c],xan_c
genistein[c],genistein_c
psuri[c],psuri_c
catechol[c],catechol_c
capsidiol[c],capsidiol_c
2clmaleylac[c],2clmaleylac_c
mtpp[c],mtpp_c
dgdg1839Z12Z15Z160[c],dgdg1839Z12Z15Z160_c
urdglyc[c],urdglyc_c
udp[m],udp_m
cbasp[h],cbasp_h
udp[h],udp_h
udpgalur[c],udpgalur_c
h2s[m],h2s_m
3S5R6R56dh67ddh56dh12apocaro12al[c],3S5R6R56dh67ddh56dh12apocaro12al_c
h2s[h],h2s_h
udp[c],udp_c
spmd[c],spmd_c
pelargonidin3ogide[c],pelargonidin3ogide_c
9Z13S1213epoxyoctad911dienoate[c],9Z13S1213epoxyoctad911dienoate_c
arg_L[c],arg_L_c
fmn[c],fmn_c
dopasf[c],dopasf_c
salvianin[c],salvianin_c
phasacid[c],phasacid_c
glyc[c],glyc_c
arg_L[m],arg_L_m
bzsq[c],bzsq_c
sucr[c],sucr_c
tmp[m],tmp_m
cholcoa[c],cholcoa_c
M00964[c],M00964_c
lotaustralin[c],lotaustralin_c
so4[h],so4_h
7oDgylapigenin[c],7oDgylapigenin_c
so4[c],so4_c
so4[m],so4_m
plariciresinol[c],plariciresinol_c
h2s[c],h2s_c
so4[v],so4_v
tre6p[c],tre6p_c
tmp[c],tmp_c
dxyl5p[c],dxyl5p_c
so4[x],so4_x
3mctncoa[c],3mctncoa_c
5mtr[c],5mtr_c
sucr[v],sucr_v
dxyl5p[h],dxyl5p_h
fdp[h],fdp_h
fru[v],fru_v
sphingosine[c],sphingosine_c
hyperforin[c],hyperforin_c
fdp[c],fdp_c
alliin[c],alliin_c
3dhsk[h],3dhsk_h
mfecostrl[c],mfecostrl_c
3dhsk[c],3dhsk_c
C05109[c],C05109_c
tropinone[c],tropinone_c
2bhga28[c],2bhga28_c
ohpb[c],ohpb_c
ckdo[c],ckdo_c
ox_htocyanin[h],ox_htocyanin_h
prpncoa[m],prpncoa_m
pc1829Z12Z1627Z10Z[c],pc1829Z12Z1627Z10Z_c
ppmi12346p[c],ppmi12346p_c
hpal[c],hpal_c
fru[c],fru_c
pinitol_D[c],pinitol_D_c
ade[c],ade_c
syringin[c],syringin_c
2propenylglate[c],2propenylglate_c
4per[c],4per_c
ppinoresinol[c],ppinoresinol_c
M00955[c],M00955_c
tre_cis_memmyc[c],tre_cis_memmyc_c
cpmp[c],cpmp_c
crinosterol[c],crinosterol_c
mgdg1829Z12Z1617Z[c],mgdg1829Z12Z1617Z_c
2cpr5p[h],2cpr5p_h
24iepicampesterol[c],24iepicampesterol_c
pelargonidin35dgide5Ocaffeoylgide[c],pelargonidin35dgide5Ocaffeoylgide_c
fgam[h],fgam_h
N4guabut4hcinnd[c],N4guabut4hcinnd_c
Sscoulerine[c],Sscoulerine_c
mi12p[c],mi12p_c
accoa[x],accoa_x
ametam[c],ametam_c
udprmn[c],udprmn_c
bzcaro[c],bzcaro_c
2mahmp[c],2mahmp_c
3demq10[c],3demq10_c
dhsterculate[c],dhsterculate_c
S5methpenthximoylcys[c],S5methpenthximoylcys_c
accoa[h],accoa_h
23dhkievitone[c],23dhkievitone_c
leuktrA4[c],leuktrA4_c
accoa[m],accoa_m
4fumacac[c],4fumacac_c
gtocophe[c],gtocophe_c
4met2obut[c],4met2obut_c
saccrp_L[c],saccrp_L_c
bbarbatene[c],bbarbatene_c
12hdhchelirubet[c],12hdhchelirubet_c
accoa[c],accoa_c
abt[c],abt_c
man[c],man_c
td25coa[c],td25coa_c
6hmhptpp[m],6hmhptpp_m
2mppal[c],2mppal_c
ga17[c],ga17_c
pc1829Z12Z1819Z[c],pc1829Z12Z1819Z_c
cbp[m],cbp_m
glcur[c],glcur_c
myricetin[c],myricetin_c
6otransmemycoltre6p[c],6otransmemycoltre6p_c
xylt[c],xylt_c
2dmmq8[c],2dmmq8_c
cbp[h],cbp_h
uri[c],uri_c
cinnamoylcoa[c],cinnamoylcoa_c
cbp[c],cbp_c
psqldp[c],psqldp_c
q6h2[c],q6h2_c
guaiacol[c],guaiacol_c
M00942[c],M00942_c
skm5p[h],skm5p_h
suc6p[c],suc6p_c
25diketocamphane[c],25diketocamphane_c
cdpchol[c],cdpchol_c
delphinidin3O6Omalbgide[c],delphinidin3O6Omalbgide_c
actp[c],actp_c
trdox[h],trdox_h
trdox[c],trdox_c
itranszeatinrbdip[c],itranszeatinrbdip_c
dtpcoctdp[c],dtpcoctdp_c
mi24p[c],mi24p_c
hesperidin[c],hesperidin_c
phpyr[c],phpyr_c
hqn[c],hqn_c
soyasapogenolB[c],soyasapogenolB_c
trdox[m],trdox_m
hcys_L[c],hcys_L_c
thymd[c],thymd_c
adprib[c],adprib_c
hcys_L[h],hcys_L_h
acgam[c],acgam_c
ind3ac[c],ind3ac_c
lpam[c],lpam_c
epiafzelechin[c],epiafzelechin_c
ergtetrol[c],ergtetrol_c
phthr[c],phthr_c
3clbzal[c],3clbzal_c
3hexl[c],3hexl_c
ind3ac[h],ind3ac_h
mi346tp[c],mi346tp_c
oleanolate3bglucuronoside31galactoside28gide[c],oleanolate3bglucuronoside31galactoside28gide_c
paps[h],paps_h
ajmaline[c],ajmaline_c
thdp[h],thdp_h
paps[c],paps_c
bz[c],bz_c
34dhbald[c],34dhbald_c
a_gal_D[c],a_gal_D_c
dgtp[c],dgtp_c
rb15bp[h],rb15bp_h
chsterol[c],chsterol_c
pdx5p[c],pdx5p_c
dgtp[h],dgtp_h
abarbatene[c],abarbatene_c
mi12356p[c],mi12356p_c
dgtp[m],dgtp_m
3hpglate[c],3hpglate_c
cyanidin5Ogide_D[c],cyanidin5Ogide_D_c
rhcys[c],rhcys_c
alac__S[h],alac__S_h
mandelonitle[c],mandelonitle_c
mi134p[c],mi134p_c
N4Nac12man13Nac12man16man14Nac14Nacasn[c],N4Nac12man13Nac12man16man14Nac14Nacasn_c
mi2p_D[c],mi2p_D_c
bdemalsalvianin[c],bdemalsalvianin_c
2mbald[c],2mbald_c
cinnamoyltyramine[c],cinnamoyltyramine_c
bppnn[c],bppnn_c
ga53[c],ga53_c
no2[h],no2_h
no2[m],no2_m
fdxrd[m],fdxrd_m
fdxox[m],fdxox_m
6Shhyoscyamine[c],6Shhyoscyamine_c
pqh2[h],pqh2_h
1213Sepoxylinolenate[c],1213Sepoxylinolenate_c
bzac[c],bzac_c
dtdp4d6dg[c],dtdp4d6dg_c
no2[c],no2_c
gln_L[h],gln_L_h
sitosterol[c],sitosterol_c
zxan[c],zxan_c
gln_L[c],gln_L_c
trans_dd2coa[c],trans_dd2coa_c
q10[c],q10_c
cl[c],cl_c
2hex3mh6me14bl[c],2hex3mh6me14bl_c
hxan[c],hxan_c
ddcacoa[c],ddcacoa_c
germacreneA[c],germacreneA_c
kdo2lipid4[c],kdo2lipid4_c
coumaral[c],coumaral_c
gln_L[m],gln_L_m
2mbcoa[c],2mbcoa_c
hyptaur[c],hyptaur_c
2pg[c],2pg_c
inost[v],inost_v
udpgal[c],udpgal_c
ind3acala[c],ind3acala_c
2mbcoa[m],2mbcoa_m
thym[c],thym_c
liquiritigenin[c],liquiritigenin_c
S4mthbutylhmoylcys_L[c],S4mthbutylhmoylcys_L_c
phloroglucinol[c],phloroglucinol_c
phytcoa[c],phytcoa_c
N1sprm[c],N1sprm_c
delphinidin3Ogide_D[c],delphinidin3Ogide_D_c
amp[m],amp_m
meoh[c],meoh_c
4abut[c],4abut_c
amp[x],amp_x
citm[c],citm_c
2pg[h],2pg_h
oxa[c],oxa_c
4abut[m],4abut_m
hcit[c],hcit_c
trypta[c],trypta_c
gentiodelphin[c],gentiodelphin_c
pheacdox[c],pheacdox_c
2omph[c],2omph_c
dpcoa[c],dpcoa_c
9cneoxan[c],9cneoxan_c
5mta[c],5mta_c
lipidAds[c],lipidAds_c
23dhdp[h],23dhdp_h
6oketomycoltre6p[c],6oketomycoltre6p_c
thmpp[c],thmpp_c
amp[c],amp_c
ga97[c],ga97_c
ahdt[c],ahdt_c
k[v],k_v
dsglucotropeolin[c],dsglucotropeolin_c
oleanolate[c],oleanolate_c
amp[h],amp_h
etheroleate[c],etheroleate_c
smandelate[c],smandelate_c
malshinin[c],malshinin_c
dms[c],dms_c
sinapoyltyramine[c],sinapoyltyramine_c
ipdp[x],ipdp_x
SNmcoclaurine[c],SNmcoclaurine_c
me5dhophb[c],me5dhophb_c
2obut[c],2obut_c
k[c],k_c
csn[c],csn_c
thujopsene[c],thujopsene_c
ipdp[c],ipdp_c
2obut[h],2obut_h
3a3deoxyf6p[c],3a3deoxyf6p_c
udparab[c],udparab_c
ipdp[h],ipdp_h
thydrogrgrbacteriopheophytin[c],thydrogrgrbacteriopheophytin_c
glyald[c],glyald_c
npinoresinol[c],npinoresinol_c
ga29cat[c],ga29cat_c
slp_L[c],slp_L_c
lnlnca[c],lnlnca_c
13dampp[c],13dampp_c
8mnonenoate[c],8mnonenoate_c
6pgl[h],6pgl_h
pydam[c],pydam_c
lanost[c],lanost_c
dhzeatin[c],dhzeatin_c
26dap__M[h],26dap__M_h
2a3oxo4pnooxybut[c],2a3oxo4pnooxybut_c
26dap__M[c],26dap__M_c
15hsolavetivone[c],15hsolavetivone_c
conialdh[c],conialdh_c
acon_C[m],acon_C_m
6pgl[c],6pgl_c
acon_C[c],acon_C_c
ferulcoa[c],ferulcoa_c
3c2hmp[h],3c2hmp_h
2oxo3carboxy45cphex5enoate[c],2oxo3carboxy45cphex5enoate_c
3mthpglate[c],3mthpglate_c
ga44[c],ga44_c
a4imz[c],a4imz_c
dmlz[c],dmlz_c
a_qn[c],a_qn_c
suchms[h],suchms_h
imenthone[c],imenthone_c
idon_L[c],idon_L_c
suchms[c],suchms_c
pyrazole[c],pyrazole_c
5hoxindact[c],5hoxindact_c
M00937[c],M00937_c
SNmstylopine[c],SNmstylopine_c
alltt[c],alltt_c
succoa[m],succoa_m
kdo[c],kdo_c
ggdp[c],ggdp_c
4ppan[c],4ppan_c
ggdp[h],ggdp_h
dgmp[c],dgmp_c
13Shpocdcy1829Z11Ea[c],13Shpocdcy1829Z11Ea_c
4r5au[c],4r5au_c
succoa[c],succoa_c
chlld[c],chlld_c
sl2a6o[h],sl2a6o_h
chlld[h],chlld_h
succoa[h],succoa_h
34dhcinm[c],34dhcinm_c
pelargonidin[c],pelargonidin_c
25dclmaleylac[c],25dclmaleylac_c
2doxg6p[c],2doxg6p_c
dvpchlld[c],dvpchlld_c
inost[c],inost_c
5mthf[c],5mthf_c
5mthf[h],5mthf_h
Nacsertn[c],Nacsertn_c
CE1944[c],CE1944_c
dgdg1601829Z12Z[c],dgdg1601829Z12Z_c
imacp[h],imacp_h
gar[h],gar_h
ialliin[c],ialliin_c
oferuloylquinate[c],oferuloylquinate_c
urea[c],urea_c
dann[c],dann_c
ser_D[c],ser_D_c
allsulfenate[c],allsulfenate_c
geranial[c],geranial_c
ibazzanene[c],ibazzanene_c
24meneloph[c],24meneloph_c
bergapten[c],bergapten_c
bzal[c],bzal_c
nicotineD15iminium[c],nicotineD15iminium_c
dhmtp[c],dhmtp_c
dtpchexdp[c],dtpchexdp_c
cis_caffeate[c],cis_caffeate_c
vanln[c],vanln_c
phsteroid[c],phsteroid_c
3pyrazol1ylala[c],3pyrazol1ylala_c
urea[m],urea_m
chol[c],chol_c
urea[v],urea_v
3mob[c],3mob_c
histidinal[h],histidinal_h
3mob[m],3mob_m
id3acald[c],id3acald_c
3mob[h],3mob_h
ttdca[c],ttdca_c
xylu_L[c],xylu_L_c
pelargonidin3opcoumaroylgide[c],pelargonidin3opcoumaroylgide_c
catechin[c],catechin_c
ocdcal[c],ocdcal_c
23ddhb[c],23ddhb_c
q10h2[c],q10h2_c
loganin[c],loganin_c
sinapalgide[c],sinapalgide_c
2dhp[c],2dhp_c
adn[c],adn_c
quin[c],quin_c
glutacoa[x],glutacoa_x
dienelactone[c],dienelactone_c
1mpyr[c],1mpyr_c
4ahmmp[c],4ahmmp_c
nad[x],nad_x
nad[c],nad_c
hista[c],hista_c
34dhpac[c],34dhpac_c
mergtrol[c],mergtrol_c
nad[m],nad_m
nad[h],nad_h
trdrd[m],trdrd_m
od2coa[c],od2coa_c
pc1839Z12Z15Z1819Z[c],pc1839Z12Z15Z1819Z_c
glutacoa[c],glutacoa_c
5caiz[c],5caiz_c
grgrbacteriopheophytin[c],grgrbacteriopheophytin_c
2icis4itransxanthoxin[c],2icis4itransxanthoxin_c
trdrd[h],trdrd_h
trdrd[c],trdrd_c
dtdprmn[c],dtdprmn_c
pphn[h],pphn_h
ara5p[c],ara5p_c
ppi[x],ppi_x
srtn[c],srtn_c
vestitone[c],vestitone_c
ppi[h],ppi_h
ppi[m],ppi_m
ppi[c],ppi_c
vinorine[c],vinorine_c
r3mmal[c],r3mmal_c
ga25[c],ga25_c
17oacajmaline[c],17oacajmaline_c
apigenin7oneohesperidoside[c],apigenin7oneohesperidoside_c
3S5R6S56epoxy3h56dh12apocaro12al[c],3S5R6S56epoxy3h56dh12apocaro12al_c
cpppg3[h],cpppg3_h
pphn[c],pphn_c
3dimsniodpal[c],3dimsniodpal_c
N2accr[c],N2accr_c
2h2mbutonitle[c],2h2mbutonitle_c
polyneuridineal[c],polyneuridineal_c
7dhchsterol[c],7dhchsterol_c
pelargonidin3Ocaffeoylgide_D[c],pelargonidin3Ocaffeoylgide_D_c
ga38[c],ga38_c
oleanolate6bglucuronoside31galactoside[c],oleanolate6bglucuronoside31galactoside_c
alltranstdprendp[c],alltranstdprendp_c
8aonn[c],8aonn_c
gg4abut[c],gg4abut_c
ind3acasp[c],ind3acasp_c
npdp[c],npdp_c
14dhncoa[c],14dhncoa_c
M00967[c],M00967_c
lac_L[c],lac_L_c
pppi[c],pppi_c
acglu[h],acglu_h
rib_D[c],rib_D_c
b2coa[x],b2coa_x
u23ga[c],u23ga_c
cysam[c],cysam_c
4hpro_LT[c],4hpro_LT_c
3msulfinylpglate[c],3msulfinylpglate_c
slfcys[c],slfcys_c
dprenphlrivalerophnn[c],dprenphlrivalerophnn_c
ind3acnl[c],ind3acnl_c
glucotropeolin[c],glucotropeolin_c
thf[m],thf_m
2ohph[c],2ohph_c
pc1819Z1819Z[c],pc1819Z1819Z_c
acetone[c],acetone_c
22ah5acampestan3one[c],22ah5acampestan3one_c
heptadne[c],heptadne_c
thf[h],thf_h
aprut[c],aprut_c
ga12[c],ga12_c
3h3carboxy45cphex5enoate[c],3h3carboxy45cphex5enoate_c
dhgrgrbacteriochla[c],dhgrgrbacteriochla_c
thf[c],thf_c
nadp[x],nadp_x
obfool[c],obfool_c
glyc__R[x],glyc__R_x
rcc[c],rcc_c
6o_trans_ketomycoltre6p[c],6o_trans_ketomycoltre6p_c
lathosterol[c],lathosterol_c
bvite[c],bvite_c
sanguinarine[c],sanguinarine_c
acser[h],acser_h
glyc__R[h],glyc__R_h
HC01104[c],HC01104_c
ientkaur16ene[c],ientkaur16ene_c
skm[c],skm_c
acser[c],acser_c
25aics[h],25aics_h
lnlccoa[c],lnlccoa_c
glyc__R[c],glyc__R_c
iasp[c],iasp_c
acser[m],acser_m
skm[h],skm_h
nadp[c],nadp_c
ile_L[m],ile_L_m
2sephchc[c],2sephchc_c
idt[c],idt_c
nadp[m],nadp_m
ru5p_D[c],ru5p_D_c
ile_L[c],ile_L_c
caffeoylskm[c],caffeoylskm_c
ile_L[h],ile_L_h
ru5p_D[h],ru5p_D_h
4c2me[h],4c2me_h
nadp[h],nadp_h
dgdg1829Z12Z1839Z12Z15Z[c],dgdg1829Z12Z1839Z12Z15Z_c
frdp[c],frdp_c
maltpt[h],maltpt_h
3m4itransh2butenal[c],3m4itransh2butenal_c
M00958[c],M00958_c
anth[c],anth_c
srch[c],srch_c
anth[h],anth_h
12oxocis1015phytodienoate[c],12oxocis1015phytodienoate_c
2oxoadp[c],2oxoadp_c
ibcoa[m],ibcoa_m
pc1829Z18212Z[c],pc1829Z18212Z_c
ind3acetaldoxime[c],ind3acetaldoxime_c
ugmd[c],ugmd_c
2oxoadp[m],2oxoadp_m
dudp[m],dudp_m
quinolinate[h],quinolinate_h
dudp[h],dudp_h
hesperitin7Ogide_D[c],hesperitin7Ogide_D_c
micit[c],micit_c
ibcoa[c],ibcoa_c
DIMBOA[c],DIMBOA_c
frdp[h],frdp_h
dudp[c],dudp_c
pmtglycp[c],pmtglycp_c
utp[c],utp_c
4mop[m],4mop_m
EEgermacreneB[c],EEgermacreneB_c
ga12ald[c],ga12ald_c
dctp[m],dctp_m
ca2[v],ca2_v
cyanidin_3iOb_D_gide[c],cyanidin_3iOb_D_gide_c
8habscisate[c],8habscisate_c
kaempferol3Ogalide[c],kaempferol3Ogalide_c
dctp[c],dctp_c
17odeacvindine[c],17odeacvindine_c
dhmyricetin[c],dhmyricetin_c
4mop[c],4mop_c
utp[h],utp_h
E9methnonaldoxime[c],E9methnonaldoxime_c
tbdg2hc[c],tbdg2hc_c
34dhoxmand[c],34dhoxmand_c
dtmp[c],dtmp_c
utp[m],utp_m
dctp[h],dctp_h
4mop[h],4mop_h
12bq[c],12bq_c
ca2[c],ca2_c
ipenta[c],ipenta_c
prostgh2[c],prostgh2_c
2phetoh[c],2phetoh_c
trans_2hexenol[c],trans_2hexenol_c
56dura[c],56dura_c
3bh4bm5acholest7ene4acarbal[c],3bh4bm5acholest7ene4acarbal_c
mal_L[c],mal_L_c
3ophb[c],3ophb_c
3bh4bm5acholest7ene4ac[c],3bh4bm5acholest7ene4ac_c
3hexal[c],3hexal_c
fald[c],fald_c
mal_L[h],mal_L_h
3snpyr[c],3snpyr_c
nerylpyrop[c],nerylpyrop_c
dhchelirubine[c],dhchelirubine_c
3hbycoa[c],3hbycoa_c
itranszeatinrb[c],itranszeatinrb_c
leuktrB4[c],leuktrB4_c
dhzeatin9Ngide[c],dhzeatin9Ngide_c
dtbt[c],dtbt_c
cbm[c],cbm_c
db4p[c],db4p_c
2dhlubimin[c],2dhlubimin_c
bmyrcene[c],bmyrcene_c
germacreneD[c],germacreneD_c
o2s[x],o2s_x
ga29[c],ga29_c
xyl_D[c],xyl_D_c
mal_L[m],mal_L_m
o2s[c],o2s_c
o2s[h],o2s_h
mal_L[v],mal_L_v
mal_L[x],mal_L_x
o2s[m],o2s_m
ala_D[c],ala_D_c
sph1p[c],sph1p_c
ribflvRD[c],ribflvRD_c
dttp[m],dttp_m
7hchla[h],7hchla_h
phom[h],phom_h
methf[h],methf_h
dttp[c],dttp_c
methf[m],methf_m
ciszeatinrb[c],ciszeatinrb_c
methf[c],methf_c
M00963[c],M00963_c
glyb[c],glyb_c
Largn[h],Largn_h
trans_D2_cis_D4ddiencoa[c],trans_D2_cis_D4ddiencoa_c
trp_L[h],trp_L_h
chavicol[c],chavicol_c
trp_L[c],trp_L_c
campestanol[c],campestanol_c
neuspn[c],neuspn_c
pc1829Z12Z16113E[c],pc1829Z12Z16113E_c
345pentahflavanone[c],345pentahflavanone_c
Largn[c],Largn_c
6omemycoltre6p[c],6omemycoltre6p_c
E7methhepotaldoxime[c],E7methhepotaldoxime_c
ga110[c],ga110_c
mcinnm[c],mcinnm_c
grgrchla[h],grgrchla_h
uppg3[c],uppg3_c
acyanohydrin[c],acyanohydrin_c
m7G5dppAm[c],m7G5dppAm_c
aacoa[c],aacoa_c
35dimeph[c],35dimeph_c
dcmp[c],dcmp_c
prostg1[c],prostg1_c
uppg3[h],uppg3_h
aacoa[x],aacoa_x
3h3pppcoa[c],3h3pppcoa_c
1deoxycapsidiol[c],1deoxycapsidiol_c
ugmda[c],ugmda_c
SInosylhcys_L[c],SInosylhcys_L_c
mdemalsalvianin[c],mdemalsalvianin_c
eugenol[c],eugenol_c
aacoa[m],aacoa_m
ciszeatin[c],ciszeatin_c
5oind3ylacmigalide[c],5oind3ylacmigalide_c
hicit[c],hicit_c
xylu_D[c],xylu_D_c
1Dgali[c],1Dgali_c
pelargonidin3O6Omalgide_D[c],pelargonidin3O6Omalgide_D_c
zymst[c],zymst_c
ox_ferroprotIII[m],ox_ferroprotIII_m
mi1346p[c],mi1346p_c
Ncbmpts[c],Ncbmpts_c
osinapoylcholine[c],osinapoylcholine_c
ckinin[c],ckinin_c
dca[c],dca_c
2dglc[c],2dglc_c
18cineole[c],18cineole_c
hkmpp[c],hkmpp_c
datp[m],datp_m
M00954[c],M00954_c
datp[h],datp_h
dopa[c],dopa_c
macarpine[c],macarpine_c
datp[c],datp_c
4hoxm[c],4hoxm_c
gcoa[m],gcoa_m
Snorcoclaurine[c],Snorcoclaurine_c
mi12346p[c],mi12346p_c
ind3acglu[c],ind3acglu_c
3Zdodecenoylcoa[c],3Zdodecenoylcoa_c
2hpseudobaptigenin[c],2hpseudobaptigenin_c
citr_L[c],citr_L_c
25drapp[c],25drapp_c
ghb[c],ghb_c
gdptp[c],gdptp_c
citr_L[h],citr_L_h
5houdic[x],5houdic_x
citr_L[m],citr_L_m
2mbtoh[c],2mbtoh_c
dgdg1839Z12Z15Z1839Z12Z15Z[c],dgdg1839Z12Z15Z1839Z12Z15Z_c
sheme[c],sheme_c
2kmb[h],2kmb_h
2dp6mep[c],2dp6mep_c
ascb_L[h],ascb_L_h
dgsn[c],dgsn_c
ascb_L[m],ascb_L_m
campest4en3bol[c],campest4en3bol_c
dnad[c],dnad_c
no3[v],no3_v
grgrbacteriochla[c],grgrbacteriochla_c
ascb_L[c],ascb_L_c
5hfea[c],5hfea_c
9icisviolaxanthin[c],9icisviolaxanthin_c
Nbezoylanth[c],Nbezoylanth_c
e4p[c],e4p_c
aiminosucc[h],aiminosucc_h
no3[c],no3_c
glc_D[v],glc_D_v
phphbda[c],phphbda_c
glyc3p[h],glyc3p_h
jasmonate[c],jasmonate_c
e4p[h],e4p_h
glyc3p[c],glyc3p_c
homomet[c],homomet_c
strcoa[c],strcoa_c
sterculate[c],sterculate_c
desacetoxyvindine[c],desacetoxyvindine_c
glc_D[c],glc_D_c
ipentadenine[c],ipentadenine_c
hgentis[c],hgentis_c
glcn[c],glcn_c
pacald[c],pacald_c
ppa[c],ppa_c
4coumaroylskm[c],4coumaroylskm_c
D2425sitosterol[c],D2425sitosterol_c
athr_L[c],athr_L_c
esculetin[c],esculetin_c
2hdog[c],2hdog_c
man1p[c],man1p_c
urdgci[c],urdgci_c
vindine[c],vindine_c
cgly[c],cgly_c
f6p[c],f6p_c
13dpg[h],13dpg_h
ru5p_L[c],ru5p_L_c
f6p[h],f6p_h
hacon_C[c],hacon_C_c
23itransproanthocyanidin[c],23itransproanthocyanidin_c
icit[x],icit_x
S7methhepthximoylcys[c],S7methhepthximoylcys_c
2aobut[c],2aobut_c
nicrnt[c],nicrnt_c
cinnamylalc[c],cinnamylalc_c
13dpg[c],13dpg_c
mmtsa[m],mmtsa_m
icit[m],icit_m
nicrnt[h],nicrnt_h
icit[c],icit_c
traumatin[c],traumatin_c
dkmpp[c],dkmpp_c
anhm[c],anhm_c
op4en[c],op4en_c
3demuqh7[c],3demuqh7_c
lac_D[c],lac_D_c
7hchlda[h],7hchlda_h
mi123p[c],mi123p_c
ascb_L[x],ascb_L_x
2aacrylate[h],2aacrylate_h
fpram[h],fpram_h
ZEafarnesene[c],ZEafarnesene_c
dhdascb[x],dhdascb_x
icisdienelactone[c],icisdienelactone_c
ppcoa[c],ppcoa_c
mppp9[h],mppp9_h
2dp6mobl[c],2dp6mobl_c
nadh[x],nadh_x
2maleylac[c],2maleylac_c
dhconiferylalcgide[c],dhconiferylalcgide_c
dhdascb[h],dhdascb_h
tropine[c],tropine_c
ppcoa[m],ppcoa_m
dhdascb[m],dhdascb_m
2pglyc[h],2pglyc_h
azingiberene[c],azingiberene_c
dhdascb[c],dhdascb_c
histd[h],histd_h
photon[h],photon_h
2ippm[h],2ippm_h
nadh[c],nadh_c
damp[c],damp_c
6deoxocathasterone[c],6deoxocathasterone_c
nadh[m],nadh_m
limonin[c],limonin_c
ga44da[c],ga44da_c
nadh[h],nadh_h
3mthpdsglate[c],3mthpdsglate_c
phelactatylcoa[c],phelactatylcoa_c
34dhbz[c],34dhbz_c
2hdaidzein[c],2hdaidzein_c
aspsa[h],aspsa_h
Nmabutn[c],Nmabutn_c
uGgl[c],uGgl_c
3ap4abutn[c],3ap4abutn_c
hcoumarin[c],hcoumarin_c
3php[h],3php_h
uagmda[c],uagmda_c
naringin[c],naringin_c
gdp[c],gdp_c
43ac5h4oxo14dhnpthl2yl3oxobut[c],43ac5h4oxo14dhnpthl2yl3oxobut_c
for[c],for_c
m14bl[c],m14bl_c
gdp[m],gdp_m
udpg[c],udpg_c
gdp[h],gdp_h
acuprenene[c],acuprenene_c
4nph[c],4nph_c
lnlc[h],lnlc_h
pnto__R[c],pnto__R_c
cyart[c],cyart_c
chlb[h],chlb_h
4aabutn[c],4aabutn_c
malcoa[h],malcoa_h
mi123tp[c],mi123tp_c
mi1256p[c],mi1256p_c
2coum[c],2coum_c
malcoa[c],malcoa_c
udpap[c],udpap_c
lnlc[c],lnlc_c
betald[c],betald_c
mi234tp[c],mi234tp_c
acg5p[h],acg5p_h
udcpp[c],udcpp_c
1naphthal[c],1naphthal_c
scopolamine[c],scopolamine_c
dhpt[m],dhpt_m
dhkaempferol[c],dhkaempferol_c
ala_L[x],ala_L_x
Sfglutth[c],Sfglutth_c
fad[c],fad_c
dhor__S[c],dhor__S_c
dhor__S[h],dhor__S_h
akg[x],akg_x
conifgide[c],conifgide_c
tigcoa[c],tigcoa_c
ala_L[c],ala_L_c
cinnm[c],cinnm_c
xtsn[c],xtsn_c
5aizc[h],5aizc_h
mi1p_D[c],mi1p_D_c
violaxanthin[c],violaxanthin_c
5aizc[c],5aizc_c
4pasp[h],4pasp_h
ala_L[m],ala_L_m
dhna[c],dhna_c
bzalc[c],bzalc_c
tyrosol[c],tyrosol_c
N6dimalla5p[c],N6dimalla5p_c
gal1p[c],gal1p_c
stigmasterol[c],stigmasterol_c
EEafarnesene[c],EEafarnesene_c
lys_L[c],lys_L_c
tsul[c],tsul_c
3Rlinalool[c],3Rlinalool_c
akg[c],akg_c
lys_L[h],lys_L_h
pc1839Z12Z15Z1829Z12Z[c],pc1839Z12Z15Z1829Z12Z_c
ga34[c],ga34_c
lys_L[m],lys_L_m
coucoa[c],coucoa_c
kaempferol7Ogide[c],kaempferol7Ogide_c
akg[h],akg_h
3c4mop[h],3c4mop_h
3dea3oxoncan[c],3dea3oxoncan_c
334dihpyridin_1yl_ala[c],334dihpyridin_1yl_ala_c
4mzo[c],4mzo_c
loganate[c],loganate_c
akg[m],akg_m
prephytedp[c],prephytedp_c
phytol[c],phytol_c
fad[m],fad_m
2dpren3m6me14bl[c],2dpren3m6me14bl_c
5Z9E11Z14Z8R8hydroperoxyicosa591114tenoate[c],5Z9E11Z14Z8R8hydroperoxyicosa591114tenoate_c
dtpcnondp[c],dtpcnondp_c
luteolin[c],luteolin_c
dc2coa[c],dc2coa_c
5dpmev[x],5dpmev_x
22ahcholestanol[c],22ahcholestanol_c
7bDapiofuranosyl12bDgylapigenin[c],7bDapiofuranosyl12bDgylapigenin_c
sophorol[c],sophorol_c
dmbzid[c],dmbzid_c
pc181160[c],pc181160_c
sucglu[c],sucglu_c
acgam6p[c],acgam6p_c
2dmmql8[c],2dmmql8_c
mi13456p[c],mi13456p_c
ourhser[c],ourhser_c
dgdg1829Z12Z1829Z12Z[c],dgdg1829Z12Z1829Z12Z_c
forcoa[c],forcoa_c
CE2248[c],CE2248_c
leu_L[m],leu_L_m
leu_L[h],leu_L_h
cys_D[c],cys_D_c
2amac[c],2amac_c
bergaptol[c],bergaptol_c
dprenphlributophnn[c],dprenphlributophnn_c
red_htocyanin[h],red_htocyanin_h
momilactoneA[c],momilactoneA_c
leu_L[c],leu_L_c
luteolin7ogide[c],luteolin7ogide_c
xu5p_D[h],xu5p_D_h
gdpaglcD[c],gdpaglcD_c
galactopinitolA[c],galactopinitolA_c
pran[h],pran_h
dhap[h],dhap_h
xu5p_D[c],xu5p_D_c
3deoxycapsidiol[c],3deoxycapsidiol_c
dhap[c],dhap_c
cholphya[h],cholphya_h
pmcoa[c],pmcoa_c
cholphya[c],cholphya_c
tmsnium[c],tmsnium_c
6pthp[c],6pthp_c
cholp[c],cholp_c
ura[c],ura_c
mi1236p[c],mi1236p_c
ttc_ggdp[c],ttc_ggdp_c
S8methocthximcys[c],S8methocthximcys_c
ptrc[c],ptrc_c
bdg2hc[c],bdg2hc_c
cotinine[c],cotinine_c
zymstnl[c],zymstnl_c
3htd5coa[c],3htd5coa_c
delphinidin353tgide[c],delphinidin353tgide_c
ga43[c],ga43_c
bamyrin[c],bamyrin_c
nitcox[m],nitcox_m
propanethlSoxide[c],propanethlSoxide_c
mi12456p[c],mi12456p_c
naringeninchalcone[c],naringeninchalcone_c
43ac5h4oxo14dhnpthl2yl3hbut[c],43ac5h4oxo14dhnpthl2yl3hbut_c
ifucosterol[c],ifucosterol_c
psd5p[c],psd5p_c
limnen[c],limnen_c
pc1829Z12Z1839Z12Z15Z[c],pc1829Z12Z1839Z12Z15Z_c
indmthhate[c],indmthhate_c
H-Eth-ThPP[m],H-Eth-ThPP[m]
H-Eth-ThPP[h],H-Eth-ThPP[h]
ACP[h],ACP[h]
A-DHL[m],A-DHL[m]
S-DHL[m],S-DHL[m]
LPL[m],LPL[m]
amDHP[m],amDHP[m]
DHP[m],DHP[m]
M-ACP[h],M-ACP[h]
HMOB[h],HMOB[h]
LPA[m],LPA[m]
DHL[m],DHL[m]
Q[m],Q[m]
QH2[m],QH2[m]
Cit[h],Cit[h]
cACN[h],cACN[h]
DHF[c],DHF[c]
Ala[h],Ala[h]
Arg-SCA[h],Arg-SCA[h]
Arg[h],Arg[h]
HPR[h],HPR[h]
HMOP[h],HMOP[h]
ORO[m],ORO[m]
OMP[c],OMP[c]
Asn[x],Asn[p]
Arg[x],Arg[p]
Cys[x],Cys[p]
Gln[x],Gln[p]
His[x],His[p]
Ile[x],Ile[p]
Leu[x],Leu[p]
Lys[x],Lys[p]
Met[x],Met[p]
Phe[x],Phe[p]
Pro[x],Pro[p]
Thr[x],Thr[p]
Trp[x],Trp[p]
Tyr[x],Tyr[p]
Val[x],Val[p]
Asn[h],Asn[h]
Asn[m],Asn[m]
Met[m],Met[m]
Phe[m],Phe[m]
Thr[m],Thr[m]
Trp[m],Trp[m]
Tyr[m],Tyr[m]
ThPP[m],ThPP[m]
ThPP[h],ThPP[h]
GluP[m],GluP[m]
DHO[m],DHO[m]
Rib[h],Rib[h]
iCit[h],iCit[h]
starch1[h],starch1[h]
starch2[h],starch2[h]
starch3[h],starch3[h]
starch5[h],starch5[h]
starch1[c],starch1[c]
starch2[c],starch2[c]
cellulose1[c],cellulose1[c]
cellulose2[c],cellulose2[c]
cellulose3[c],cellulose3[c]
22R_hydchst[c],22R_hydchst_c
22_26_dihydchst[c],22_26_dihydchst_c
16_22_26_trihydchst[c],16_22_26_trihydchst_c
16_22_26_trihydchst_ox[c],16_22_26_trihydchst_ox_c
26a_22_26_dihydchst[c],26a_22_26_dihydchst_c
teneimine[c],teneimine_c
solanidine[c],solanidine_c
g_sol[c],g_sol_c
g_chac[c],g_chac_c
b_sol[c],b_sol_c
b_chac[c],b_chac_c
a_sol[c],a_sol_c
a_chac[c],a_chac_c
41m2pyr3ob[c],41m2pyr3ob_c
calystegine[c],calystegine_c
prephytedp[h],prephytedp_h
15c_phytoene[h],15c_phytoene_h
15_9dic_phytflu[h],15_9dic_phytflu_h
9_15_9tric_zetacar[h],9_15_9tric_zetacar_h
9_9dic_zetacar[h],9_9dic_zetacar_h
7_9_9c_neuspor[h],7_9_9c_neuspor_h
prolycop[h],prolycop_h
lycop[h],lycop_h
dcaro[h],dcaro_h
acaro[h],acaro_h
gcarote[h],gcarote_h
caro[h],caro_h
zxan[h],zxan_h
lutein[h],lutein_h
bcryptoxan[h],bcryptoxan_h
itransneoxan[h],itransneoxan_h
9cneoxan[h],9cneoxan_h
coumarinate[c],coumarinate_c
4coumaroyl3ac[c],4coumaroyl3ac_c
4coumaroyl3ac_lac[c],4coumaroyl3ac_lac_c
resveratrol[c],resveratrol_c
bny[c],bny_c
furost_26alc[c],furost_26alc_c
furost_26ald[c],furost_26ald_c
26am_furost[c],26am_furost_c
solasodine[c],solasodine_c
sol4en3one[c],sol4en3one_c
sol3one[c],sol3one_c
soladulc[c],soladulc_c
sol3ObDgals[c],sol3ObDgals_c
sol3ObDglus[c],sol3ObDglus_c
3phelac[c],3phelac_c
3phelac_glus[c],3phelac_glus_c
hygrine[c],hygrine_c
ntp[h],ntp_h
phytylp[h],phytylp_h
ndp[h],ndp_h
phytol[h],phytol_h
cabienol[h],cabienol_h
13e8ahox13e15ydp[h],13e8ahox13e15ydp_h
bornyldp[h],bornyldp_h
borneol[h],borneol_h
camphor[h],camphor_h
3Rlinalool[h],3Rlinalool_h
3Slinalool[h],3Slinalool_h
geranial[h],geranial_h
neral[h],neral_h
geraniol[h],geraniol_h
gerac[h],gerac_h
nerol[h],nerol_h
nerylpyrop[h],nerylpyrop_h
carene[h],carene_h
appnn[h],appnn_h
aphedn[h],aphedn_h
limnen[h],limnen_h
aterpn[h],aterpn_h
bphedn[h],bphedn_h
germac12ol[c],germac12ol_c
germac12al[c],germac12al_c
germac12oate[c],germac12oate_c
6a_germac12oate[c],6a_germac12oate_c
8b_germac12oate[c],8b_germac12oate_c
8a_germac12oate[c],8a_germac12oate_c
costunolid[c],costunolid_c
inunolid[c],inunolid_c
8einunolid[c],8einunolid_c
selinene[c],selinene_c
valencene[c],valencene_c
cyan37diobdgide[c],cyan37diobdgide_c
1o4hydbenzbdglu[c],1o4hydbenzbdglu_c
cpd16602[c],cpd16602_c
cpd16603[c],cpd16603_c
cpd16604[c],cpd16604_c
cpd16535[c],cpd16535_c
cpd16541[c],cpd16541_c
cpd16536[c],cpd16536_c
cpd16537[c],cpd16537_c
cpd16538[c],cpd16538_c
cpd16539[c],cpd16539_c
cpd16540[c],cpd16540_c
1o4coubdglu[c],1o4coubdglu_c
ternatinC3[c],ternatinC3_c
delphin3oride[c],delphin3oride_c
cpd16558[c],cpd16558_c
cpd16559[c],cpd16559_c
cpd16560[c],cpd16560_c
violdelphin[c],violdelphin_c
genkwanin[c],genkwanin_c
apigen74dimeth[c],apigen74dimeth_c
scutel74dimeth[c],scutel74dimeth_c
ladanein[c],ladanein_c
cirsimaritin[c],cirsimaritin_c
salvigenin[c],salvigenin_c
apigenin7ogentiobioside[c],apigenin7ogentiobioside_c
syringetin[c],syringetin_c
quercetin[c],quercetin_c
isorhamnetin[c],isorhamnetin_c
rhamnetin[c],rhamnetin_c
33dmtquerc[c],33dmtquerc_c
73dmtquerc[c],73dmtquerc_c
74dmtquerc[c],74dmtquerc_c
quer3gside[c],quer3gside_c
cpd14820[c],cpd14820_c
cpd14821[c],cpd14821_c
cpd14822[c],cpd14822_c
cpd14843[c],cpd14843_c
cpd14844[c],cpd14844_c
confrac[c],confrac_c
confrlrad[c],confrlrad_c
cpd16683[c],cpd16683_c
cpd16684[c],cpd16684_c
dglucarate[c],dglucarate_c
2ocafglucarate[c],2ocafglucarate_c
bzbDglupyr[c],bzbDglupyr_c
lnlnca[h],lnlnca_h
13Shperoxylinolenate[h],13Shperoxylinolenate_h
1213Sepoxylinolenate[h],1213Sepoxylinolenate_h
12oxocis1015phytodienoate[h],12oxocis1015phytodienoate_h
12oxocis1015phytodienoate[x],12oxocis1015phytodienoate_x
3oxo2cis2pentcpent1octanoate[x],3oxo2cis2pentcpent1octanoate_x
cpd11517[x],cpd11517_x
cpd11518[x],cpd11518_x
cpd11519[x],cpd11519_x
cpd11520[x],cpd11520_x
cpd11521[x],cpd11521_x
cpd11522[x],cpd11522_x
cpd11523[x],cpd11523_x
cpd11524[x],cpd11524_x
cpd11525[x],cpd11525_x
cpd11526[x],cpd11526_x
cpd11527[x],cpd11527_x
cpd11528[x],cpd11528_x
cpd11529[x],cpd11529_x
7ijasmonate[x],7ijasmonate_x
jasmonate[x],jasmonate_x
jalile[c],jalile_c
jalglu[c],jalglu_c
jalleu[c],jalleu_c
jalval[c],jalval_c
ichor[h],ichor_h
cpd19219[c],cpd19219_c
acibenzolar[c],acibenzolar_c
cpd12628[c],cpd12628_c
2icis4itransxanthoxin[h],2icis4itransxanthoxin_h
cpd1f4[h],cpd1f4_h
cabsol[c],cabsol_c
tabsol[c],tabsol_c
tabsal[c],tabsal_c
2tabscisate[c],2tabscisate_c
mind3ac[c],mind3ac_c
trna_adenosines_37[c],trna_adenosines_37_c
6dimethad37_trnas[c],6dimethad37_trnas_c
cisprenyl_trnas[c],cisprenyl_trnas_c
transzeaOg7ngide[c],transzeaOg7ngide_c
ciszea7ngide[c],ciszea7ngide_c
kinetin[c],kinetin_c
kinetin7ng[c],kinetin7ng_c
benzyladenine[c],benzyladenine_c
benzyladenine7ng[c],benzyladenine7ng_c
isopentad7ng[c],isopentad7ng_c
dhzeatin7ng[c],dhzeatin7ng_c
transzea7ngide[c],transzea7ngide_c
ciszea9ngide[c],ciszea9ngide_c
kinetin9ng[c],kinetin9ng_c
benzyladenine9ng[c],benzyladenine9ng_c
isopentad9ng[c],isopentad9ng_c
transzea9ngide[c],transzea9ngide_c
dribofur5p[c],dribofur5p_c
cpd17422[c],cpd17422_c
cpd718[c],cpd718_c
cpd17421[c],cpd17421_c
cpd716[c],cpd716_c
cpd17420[c],cpd17420_c
cpd719[c],cpd719_c
cpd717[c],cpd717_c
cpd720[c],cpd720_c
cpd724[c],cpd724_c
cpd634[c],cpd634_c
cpd723[c],cpd723_c
brassinolide[c],brassinolide_c
cpd714[c],cpd714_c
cpd713[c],cpd713_c
cpd711[c],cpd711_c
cpd12496[c],cpd12496_c
cpd12495[c],cpd12495_c
cpd12493[c],cpd12493_c
7dhchlda[h],7dhchlda_h
chllda2[h],chllda2_h
cpd8681[h],cpd8681_h
cpd8682[h],cpd8682_h
cpd8683[h],cpd8683_h
9shpote[h],9shpote_h
9shpode[h],9shpode_h
colnelenate[h],colnelenate_h
colneleate[h],colneleate_h
cpd12846[h],cpd12846_h
trans_2hexenol[h],trans_2hexenol_h
trans_2hexenal[h],trans_2hexenal_h
3hexal[h],3hexal_h
3hexl[h],3hexl_h
9Z_traumatin[h],9Z_traumatin_h
traumatin[h],traumatin_h
13Shpocdcy1829Z11Ea[h],13Shpocdcy1829Z11Ea_h
hxal[h],hxal_h
cpd11667[c],cpd11667_c
cpd11668[c],cpd11668_c
cpd12214[c],cpd12214_c
cpd12213[c],cpd12213_c
cpd12212[c],cpd12212_c
cpd15979[c],cpd15979_c
mannitol1p[c],mannitol1p_c
cpd3161[c],cpd3161_c
genistin[c],genistin_c
4hbzald[c],4hbzald_c
cpd11939[c],cpd11939_c
cpd11938[c],cpd11938_c
cpd14825[c],cpd14825_c
cpd15079[c],cpd15079_c
cpd15077[c],cpd15077_c
6Cglc2hydroxyeriodictyol[c],6Cglc2hydroxyeriodictyol_c
isoorientin[c],isoorientin_c
orientin[c],orientin_c
cpd15080[c],cpd15080_c
cpd15078[c],cpd15078_c
cpd15091[c],cpd15091_c
cpd15084[c],cpd15084_c
cpd15087[c],cpd15087_c
cpd15105[c],cpd15105_c
cpd14950[c],cpd14950_c
kaempferide[c],kaempferide_c
34dimetkmpfol[c],34dimetkmpfol_c
74dimetkmpfol[c],74dimetkmpfol_c
genistin7gentside[c],genistin7gentside_c
cpd14010[c],cpd14010_c
cpd13328[c],cpd13328_c
scopoletin[c],scopoletin_c
L1phosphatidylinositol[c],L1phosphatidylinositol_c
cpd1108[c],cpd1108_c
phoshatidylmi45biph[c],phoshatidylmi45biph_c
diaglycerol[c],diaglycerol_c
cdpdiacylglyc[c],cdpdiacylglyc_c
